﻿{"paragraphs":[{"text":"%pyspark\r\n\r\nprint('Xin chao.Minh ten la Phan Quoc Luu')","user":"anonymous","dateUpdated":"2023-02-16T00:57:01+0700","config":{"colWidth":12,"fontSize":9,"enabled":true,"results":{},"editorSetting":{"language":"python","editOnDblClick":false,"completionKey":"TAB","completionSupport":true},"editorMode":"ace/mode/python"},"settings":{"params":{},"forms":{}},"results":{"code":"SUCCESS","msg":[{"type":"TEXT","data":"Xin chao.Minh ten la Phan Quoc Luu\n"}]},"apps":[],"jobName":"paragraph_1676429501470_-1309365279","id":"20230215-095141_452922742","dateCreated":"2023-02-15T09:51:41+0700","dateStarted":"2023-02-16T00:57:01+0700","dateFinished":"2023-02-16T00:57:11+0700","status":"FINISHED","progressUpdateIntervalMs":500,"focus":true,"$$hashKey":"object:471"},{"text":"%pyspark\n","user":"anonymous","dateUpdated":"2023-02-15T09:51:52+0700","config":{"colWidth":12,"fontSize":9,"enabled":true,"results":{},"editorSetting":{"language":"python","editOnDblClick":false,"completionKey":"TAB","completionSupport":true},"editorMode":"ace/mode/python"},"settings":{"params":{},"forms":{}},"apps":[],"jobName":"paragraph_1676429512545_980473715","id":"20230215-095152_2074395033","dateCreated":"2023-02-15T09:51:52+0700","status":"READY","progressUpdateIntervalMs":500,"$$hashKey":"object:472"}],"name":"20133065_PhanQuocLuu","id":"2HSWKTW24","noteParams":{},"noteForms":{},"angularObjects":{"spark:shared_process":[]},"config":{"isZeppelinNotebookCronEnable":false,"looknfeel":"default","personalizedMode":"false"},"info":{}}